Text,Stance,Sentiment
"We cant deny it, its really happening.  #SemST",FAVOR,NEITHER
RT @cderworiz: Timelines are short. Strategy must be in place by climate change conference in Paris by December. #ableg #SemST,FAVOR,POSITIVE
SO EXCITING! Meaningful climate change action is on the way! #abpoli #GHG #SemST,FAVOR,POSITIVE
"Delivering good jobs for Albertans, maintaining a stable economy & meeting climate change strategy. Good goals. #abpoli #GHG #SemST",FAVOR,POSITIVE
@davidswann says he wants carbon fund to be spent on public transportation and renewable energy. #ejlive #ableg #SemST,FAVOR,NEITHER
Questions about the @LancetGH report?  #asklancet tweet chat happening now! #actonclimate #ClimateHealth #SemST,FAVOR,NEITHER
We are working to elect climate-friendly governments across North America #FeelTheBern #NDP #LPC #GPC #BQ #HARPERPAC.CA #SemST,FAVOR,POSITIVE
@ChrisLeinberger :  change from #drivable to #walkable = #1 benefit 4 #APANE2015 #SemST,FAVOR,POSITIVE
"Our amazing #ESS15 panel @gkremen, @SuffolkBuilds, @maxfieldweiss & @Oakland on how to prepare & protect #BayArea region from #SemST",FAVOR,POSITIVE
The Climate Change people are disgusting assholes. Money transfer scheme for elite. May you rot.   #SemST,AGAINST,NEGATIVE
srsly weirds me out i have to wear #sunscreen for the morning #dogwalk getting a #tan at 9am? #wtf #SemST,FAVOR,NEGATIVE
RT @GreenLivingGB: @earthhour Looks like a great event. Green is the way forward! #SemST,FAVOR,POSITIVE
There use to be a glacier on the equator. #SemST,FAVOR,NEITHER
#PathtoPositive #LA region's green leaders United to find local solutions to #LACityHall #SemST,FAVOR,POSITIVE
@MonsterMarcia Kudos to these young people! Next generation of activists! #OnlyOneEarth #SemST,FAVOR,POSITIVE
"Macro problems face us all, but people focus on micro problems because they are within our immediate power to fix #SemST",FAVOR,NEGATIVE
Drought effects spreading in western NorAm and BC Gov't will destroy prime farmland to enable more #LNG #SiteC #bcpoli #SemST,FAVOR,NEGATIVE
@RegimeChangeBC @ndnstyl It's sad to be the last generation that could change but does nothing. #Auspol #SemST,FAVOR,NEGATIVE
#Netherlands just taught the rest of the world a very important lesson.  #SemST,NONE,POSITIVE
Confession: the state of the world has been getting me down lately.  #deathsincustody #everydayracism #SemST,NONE,NEGATIVE
Go Dutch New meaning: citizens take their governments to court to make them act on climate promises #Hague #Hope #COP21 #SemST,FAVOR,POSITIVE
Thank you @GreenpeaceNZ for getting out there yesterday and highlighting  one of the most important issues we are facing. #SemST,FAVOR,POSITIVE
Great to hear @dannyksfun @kdeleon remind us #diversity needed for best #innovation #ESS15 #americaknowshow #SemST,NONE,POSITIVE
"Isn't CO2 impact on warming logarithmic, and at current levels, 390 ppm, incremental impact negligible? #NDP #SemST",FAVOR,NEGATIVE
Is the new Pahiatua plant going to be primarily coalfired? Large companies like @Fonterra should be taking the lead against #SemST,FAVOR,NEITHER
#Mission:#Climate @ home > Buy drinking water & soda in big bottles... #Tip #SemST,FAVOR,POSITIVE
"If you have any remaining doubts about climate change, go watch @chasingice on Netflix and proceed to shitting your pants. #SemST",FAVOR,NEGATIVE
"@AlharbiF I'll bomb anything I can get my hands on, especially if THEY aren't christian. #graham2016 #GOP #SemST",NONE,NEGATIVE
"When debunking climate myths: fight sticky myths with stickier facts, mention the myth and explain the fallacy!  #SemST",FAVOR,NEGATIVE
"I really can't stand the Catholic church but I think I have a crush on #PopeFrancis ! Shhhh, don't tell!  #AnimalRights #SemST",NONE,NEITHER
Can't wait to watch 'When Attenborough Met Obama' Should be fascinating! @POTUS #sirdavidattenborough #lovemydavid #Hero #SemST,NONE,POSITIVE
@MarkRuffalo @flea333 @kellyslater unfortunate how USA refuses to take seriously damage we're responsible for #SaveTheEarth  #SemST,FAVOR,NEGATIVE
Most people say that it is the intellect which makes a great scientist. They are wrong: it is character. ~ Albert Einstein  #SemST,NONE,POSITIVE
@CBCNews @nationalpost The human mind is incapable of dealing with that of which it has no experience  #SemST,NONE,NEITHER
RT @victoriaswatson: @WhiteHouse @POTUS What a wonderful exchange between two of the world's greatest men! Really touching. # #SemST,NONE,POSITIVE
"I love this Pope. I don't care what religion you are, this guy is awesome. #SemST",NONE,POSITIVE
"Appropriate that I'd watch the Futurama episode ""Crimes of the Hot"" before the hottest weekend so far this summer. #futurama #SemST",NONE,NEITHER
Why all talks #Rainforests? 1/6 of the World Russia is not less important ! #DoctorCarbon Advocate #sustainability !   #SemST,FAVOR,NEGATIVE
A lot of damage is being done every day. But we are going to win this. #yrcannes #CannesLions #SemST,FAVOR,POSITIVE
In the U.S. coal is dead Al Gore @Cannes_Lions #CannesLions #SemST,NONE,NEGATIVE
@worldfarmersorg congress. @BartoliniMatteo :Dutch way in reducing greenhouse gasses agriculture is excellent example combat #SemST,FAVOR,POSITIVE
"RT @transitionlouth: @BP_plc We need degrowth - stop destroying our planet, BP. #SemST",FAVOR,NEGATIVE
"@ParvaSaeua not to worry, our real enemy is #Obama #SemST",NONE,NEGATIVE
' taking a stand to preserve traditional sea levels' #SemST,FAVOR,POSITIVE
BIG #DecaYeah and Happy #Smackoff / #EichelDay to @AnthonySalerno & @EagtheDeuce #ValKilmer #Bust #SemST,NONE,NEITHER
"@EnvReddit no surprise with this, @blindspotting has some ideas on how to take a holistic approach #circulareconomy #SemST",NONE,POSITIVE
"BREAKING: This just in, an ocean wave just broke an inch further on the beach than normal! #SemST",AGAINST,NEGATIVE
"With no rain in the next 5 days, it would have been the driest June in #Santiago de #Chile in morden history. #SemST",FAVOR,NEITHER
"@SenWhitehouse "" Dr. David Legates of the University of Delaware explain....higher temperatures lead to higher levels of CO2 #SemST",FAVOR,NEITHER
"Politics, Religion, Race; we are so busy killing & hurting each other, Earth dries up & we will all die anyway. #drought #SemST",FAVOR,NEGATIVE
@shalyn67 religion / race have already been disproven by reason and science. I wonder what we can do about politics #drought #SemST,NONE,NEGATIVE
"What a great week for social issues #SCOTUS Now, let's get to work on #environment and #SemST",FAVOR,POSITIVE
"Islamists kill in France, Tunisia and Syria. But let's remember that our greatest threat is from the #hoax formerly known as #SemST",NONE,NEGATIVE
So #Christian s...  Without beaches what is your God going to make sand people out of?  #RisingSeaLevel #SemST,FAVOR,NEGATIVE
@jimrome @Daytripper20 Yea Yea Yea Yea #Smackoff #ValKilmer #SeeingWonder #BumSmack #SemST,NONE,POSITIVE
"I don't want to be ""that guy"" but can we now make ""climate change denier marriage"" illegal? #MarriageEquaility #Idea #SemST",FAVOR,NEGATIVE
"Seriously, how many times can #Republicans be wrong? #ACA #LGBTRights #GovernmentShutdown #AutoBailout #StimulusSpending #SemST",NONE,NEGATIVE
Dear #seattleweather please stay exactly how you are right now. #thismorning #okaythanksbye #SemST,NONE,POSITIVE
@NCRegister @peaceischrist @diocesefwsb @CatholicVote Unless it's #SemST,NONE,NEITHER
@jimrome I think the 5k has got them gripping Romey #SmackOff #valkilmer #seeingwonder #SemST,NONE,NEGATIVE
The best call still and will always be Matt in Cleveland. #KirstieAllie #ValKilmer #SemST,NONE,POSITIVE
@FlyingFree333 wow that is certainly an extreme prognostication! #gop #libertarian #SemST,NONE,NEGATIVE
"Let's all stop saying people don't ""believe"" in Climate Change. It's not a matter of faith. They don't UNDERSTAND #SemST",FAVOR,NEGATIVE
(2/2) 300 words and be sent to climateconference2015@gmail.com #sustainability #sustainabledevelopment #SemST,FAVOR,NEITHER
@_A___L___I_ well they should! Why do you think people in Karachi r dying? because we don't care about our environment! #SemST,FAVOR,NEGATIVE
Why is nothing being done about  #SemST,NONE,NEGATIVE
"If it doesn't warm up soon @Number10gov, I want my money back on the panels for misselling. #45Minutes #dodgydata #Drtker #SemST",NONE,NEGATIVE
News flash for all the haters!! THE EARTH IS ROUND! #LoveWins #SCOTUS #SemST,NONE,NEITHER
"@LStygal I'm with you there, plenty of followers on that do to #environment #greenvegans #plugging #SemST",FAVOR,POSITIVE
Eating a cow is 9x worse than eating a chicken in terms of CO2 emissions. #SemST,FAVOR,NEGATIVE
"When the Last Tree Is Cut Down, the Last Fish Eaten & the Last Stream Poisoned, You Will Realize That You Cannot Eat Money #SemST",FAVOR,NEGATIVE
Australia is leading the way. Backwards. #MarriageEquaility #auspol #SemST,NONE,NEGATIVE
@ClimateCentral @ChristineMilne Some people r so guilt free #SemST,NONE,NEGATIVE
America is changing faster like speed of the light #ConfederateTakeDown  #LoveWins #SemST,NONE,POSITIVE
Climate change?! Explain the definition of climate change.. #fraud #CCOT #liberty #CruzCrew #SemST,AGAINST,NEGATIVE
@washingtonpost That is one of the most INSANE and DELUSIONAL quotes I've ever seen.  #tcot #tlot #SemST,NONE,NEGATIVE
Just got canvassed! Hope you'll join me in supporting @VPIRG this summer! #solar #peoplepower #SemST,FAVOR,POSITIVE
When U think about #GOP positions on #MarriageEquality #EqualPay #Guns & #Marijuana its no surprise they don't believe in #SemST,NONE,NEGATIVE
@annbritton @NicolleFlint @guinnipig time will prove who's right. #disease #drought #obesity #SemST,FAVOR,POSITIVE
"Last time I checked, Al Gore is a politician, not a scientist.. #WCS15 #SemST",AGAINST,NEGATIVE
The default scientific position is skepticism. #tcot #SemST,NONE,NEGATIVE
"One day it will be clear that someone has changed their opinion due 2 one or more of my tweets, but I'm not holding my breath #SemST",NONE,NEITHER
"Btw, @barackobama -@potus , seem as though you^ve been LOSING in the fight AGAINST . #SemST",NONE,NEGATIVE
Considering moving yo Antarctica as thats the only way I could possibly become more #chill #SemST,NONE,NEGATIVE
"#FF @YebSano, @Alex_Verbeek, @AboutREnergy, @ClimateThing, & @Recycle2Print. Work for a #green energy future. #SemST",FAVOR,POSITIVE
"#FF @CarbonTaxCenter, @ProtecThePlanet, @WCSMyanmar, @ClimateWise2015, & @Pragmactivist99. Work for a #green energy future. #SemST",FAVOR,POSITIVE
"This just in: Republican Primary Debates are down to topic of ""Who Wore It Better?"" #LoveWins #MarriageEquaility #Obamacare #SemST",NONE,NEGATIVE
#Mission:#Climate @ home > Wrap your water heater in an insulation blanket #Tip #ActOnClimate #SemST,FAVOR,POSITIVE
@cschultzwx there has been a ton of lightning up there every other day for the past week! #lolz #SemST,NONE,POSITIVE
@DrOakley1689 @PhxApologetics Maybe they just misused their resources and their societies collapsed #deforestation #SemST,FAVOR,NEGATIVE
@LogixLiving my lawn is burnt two days after rain #yeg #SemST,NONE,NEITHER
It's hotter in Oregon then it is in California right now. #SemST,FAVOR,NEITHER
Negative times a negative equals a positive...wonder if that applies to emotions too??? #manthoughts #sustainablehumans #SemST,NONE,NEGATIVE
the #KarachiHeatWave death toll climbs to 1210 deaths in 5 days #carbonemissions #SemST,FAVOR,NEGATIVE
@theresa_beh I'm just happy he's telling the @gop to wise up RE: #SemST,NONE,POSITIVE
I'm in hell. I feel the fiery tips of insidious flames swiftly sauntering into my room. Or maybe I don't have AC #SemST,NONE,NEGATIVE
Why is there no #CaptainPlanet movie??? Rt if u want one. #environment #planet #earth #SemST,NONE,NEITHER
@BillMoyersHQ CONGRATULATIONS to the DUTCH!!!!!!! GOOD WORK!!!!!! #Change #SemST,NONE,POSITIVE
Sunny  Rainy bipolar weather. Wow real quick ma nigga #SemST,NONE,NEGATIVE
".@msimire says children, women, elderly people especially at risk to health impacts of #ClimateReporting2015 #SemST",FAVOR,NEGATIVE
@notabarrister @scrufflove pfft...we're getting that next week #standard #SemST,NONE,NEITHER
Observations on the atmosphere and oceans reflect the human influence in climate change via Dr. Dimitra Founda #rengreece #SemST,FAVOR,NEITHER
#Mission:#Climate @ home > Opt for reusable bags instead of plastic bags (by @gaiam) #Tip #ActOnClimate #SemST,FAVOR,POSITIVE
@irish0831 Good grief! I can feel the desperation seeping off the page.   GOOD. We've got 'em on the ropes.  #SemST,NONE,POSITIVE
RT @zerofootprint: RT @ClimateReality: #ClimateFact India may stand to lose 1.8% of its annual GDP by 2050 due to #SemST,FAVOR,NEITHER
V @QueenNoor V @Guardian The Biggest Story In World Podcast @WhiteHouse @AlGore @TheHill of @GOP STUPIDITY And IGNORANCE! #SemST,NONE,NEGATIVE
The facts are in. It is clear as our numbered days. Climate change is humanity's fault. And we are facing extinction. #SemST,FAVOR,NEGATIVE
"@Aman_Pasha Higher sea levels & temperature, glacial retreat, warmer oceans, extreme weather events. Plenty of evidence. #SemST",FAVOR,NEGATIVE
"If ozone science had been ignored by your dad, @JebBush we would be in dire straits right now. Could you thank him for us? #SemST",FAVOR,NEGATIVE
Working with artists & culture is key to weave through the efforts we're doing #grassroots #SemST,NONE,POSITIVE
@brasfildtsb He hit the nail on the head. We're (hopefully) on the edge of a paradigm shift on #SemST,NONE,POSITIVE
Ocean acidification is the most important scientific crisis that we face today Donna Roberts #CambioClimatico #SemST,FAVOR,NEGATIVE
"Today is June 27th and it's 66 degrees out, wtf. #takeme2thecarribean #anywhereneartheequator #SemST",FAVOR,NEGATIVE
The amount of hot takes coming from #LoveWins is the single most significant cause of . #ThanksObama #SemST,NONE,POSITIVE
At 2C increase we're expecting 20-30% species at risk of #extinction Rosina Bierbaum #CambioClimtico #SemST,FAVOR,NEGATIVE
"@MercianRockyRex I suspect that @DanHannanMEP may well just prefer to stick to his, erm, principles on this one. #SemST",NONE,NEITHER
"That #Putin chap must be extremely #confused, it stuck between 2 old now #ideologies just between you & me! ""Regards D #peace #SemST",NONE,NEGATIVE
I Like learning in depth about nutrition/health @TEDTalks @NetflixUK #Disease #westerndiet  #Health   #agriculture  #SemST,NONE,POSITIVE
Oh my lord! So hot and humid for few days now. Can u stop cutting trees and cut down ur emissions World??? #SavetheWorld #SemST,FAVOR,NEGATIVE
Did u know th #SCOTUS is 2 Decide If #Coal Plants Can Keep #Emitting Unlimited #Mercury 2 r atmosphere? #POTUS #Gop #Justices #SemST,FAVOR,NEITHER
"Hmmm, what's next re my #bucketlist I wonder in #peace in a #democratic manner re #why I'm here? #Peace #Democracy #Goal? #SemST",NONE,POSITIVE
Is there a breeze i can catch Lakefront or will I die of a heat stroke there as well? #heatstroke #SemST,FAVOR,NEGATIVE
Fossil fuel divestment won't necessarily stop climate change but it is a step in the right direction. #keepitintheground #SemST,FAVOR,POSITIVE
Government trusts you to listen to the narrative but never enough to let you see the proof... #SemST,NONE,NEGATIVE
@SpeakerBoehner @JebBush @tedcruz Denial isn't just a river in Egypt. It's #gop strategy. #racism #SemST,NONE,NEGATIVE
"Thx @susanbowenphoto @Omaniblog had fun in my home county, will be back later this summer with @castellscarmen-catching up 4 #SemST",NONE,POSITIVE
loud ass thunder and three seconds of rain here #thanksobama #SemST,FAVOR,NEGATIVE
When your wearing sweaters in the summer #SemST,FAVOR,NEGATIVE
"For me watching the #ideology of #capitalism at work is like watching a ""train wreck"" in #progress! #Democracy #Goal? #Future #SemST",NONE,NEGATIVE
#Technology is a sign of how far we have come! The #ideology of #capitalism is a sign of how far we have to go! #Methodology #SemST,NONE,POSITIVE
"The + 1 is a #democratic dip in ""deeper waters"" & no more re #why I'm here, regards Dion #peace #Democracy! #Goal? #Future??? #SemST",NONE,NEGATIVE
"After the Millennials come the Apocalypticals. Thanks, breeders. #overpopulation #SemST",NONE,NEGATIVE
A changing planet: 4 places where climate change is taking its toll #SemST,FAVOR,NEGATIVE
"Thank you to all our 300 followers, helping us to raise awareness of #HumanRights #SOSEurope #prisonersofconscience #torture #SemST",NONE,POSITIVE
"I'm blowing AC with the top off, in the middle of the night, in Oregon.. #SemST",FAVOR,NEITHER
There's a great challenge 4 #leadershhip in #globslopportunity 2search synergetic efforts w/ their fellows to get engaged in #SemST,NONE,POSITIVE
#seattle 72 degrees. Trying to sleep with industrial fan--sounds like choppers are circling the house. #HeatWave #SemST,FAVOR,NEGATIVE
"@UN - Yet another I #pray in my ""own"" way day re #why I'm online, that #important this I know! ""Regards"" Dion #peace #Future #SemST",NONE,POSITIVE
"First listen, then conviction, next action - Dali Lama on #Glasto2015 #SemST",NONE,POSITIVE
Brilliant talk from @GeorgeMonbiot #Dali Lama @guardian #divestment is the key action for all on #Glasto2015 #SemST,NONE,POSITIVE
I'm burnin up baby where u at? #hangin #hanginpls #SemST,NONE,NEGATIVE
RT varunkr842: #Please_Save_Trees for our own #Survival to fight #Saveourplanet #SemST,FAVOR,POSITIVE
"This Pope. I swear, he is about to tempt my wayward ass back to the church. #love #justice #SemST",NONE,POSITIVE
#Mission:#Climate on the road > Give your car a break (by @EPA) #Tip #SemST,FAVOR,NEITHER
"Raining again then Im sure, it wi suddenly get warm again right after. #SemST",FAVOR,NEGATIVE
"as they say touch-wood say tomorrow then I will #democratically be back this way!?!! Re's D #peace ""really"" gone #Democracy #SemST",NONE,NEGATIVE
Wearing a sweater at the end of June! #itfeelslikespring #SemST,FAVOR,NEITHER
.@BlissTabitha I'm sure this Eco-Friendly Pope will remember to Turn-Off-the-Lights on his way out #LastPope  #PopeForPlanet  #SemST,FAVOR,POSITIVE
#SpaceX is looking like major litterbug! Do they clean up the debris. It's $1500 if I litter hi-way. Space X #SemST,NONE,NEGATIVE
@realDonaldTrump - You are not very smart Donald #SemST,NONE,NEGATIVE
#Mission:#Climate @ home > Move your thermostat down 2C in winter and up 2C in summer #Tip #DoYourPart #SemST,FAVOR,POSITIVE
@RileyRoder And yet James Inhofe tells us that global warming isn't real. #SemST,FAVOR,NEGATIVE
.@quinn43 Thanks for the follow. Check out CCL for solutions. #solutions #citizensclimatelobby2015 #SemST,FAVOR,POSITIVE
#Republican party will go down in history books as party that stood in the way of #gayrights and initiative to reverse #SemST,NONE,NEGATIVE
Bought media = advertising. Earned media = #socialmedia. Real causes do not have #botfollowers #environment #CrueltyFree #SemST,FAVOR,NEGATIVE
@carol_holman @heifer109 i always said that Democrats would tax the weather if they could #SemST,NONE,NEGATIVE
@ChelseaMAGOP He's not perfect. Who among us is?  ;-)  #encyclical #SemST,NONE,NEGATIVE
5-6 inches of rain in a day & from next day there is no rain at all. Temperature reaches 39 C in #Ahmedabad.  #environment #SemST,FAVOR,NEITHER
GA: AIW Support Strong Compass. Global Climate Agreement: passed  #uuaga #SemST,FAVOR,NEITHER
The last thing #Australia or the world needs are 2 more vast earth destroying #coal mines! Let's get real and fight  #auspol #SemST,FAVOR,NEGATIVE
"Barack Obama meets David Attenborough, I'm so ready for this and I cannot wait! 89 year's old and always on form #legend #SemST",NONE,POSITIVE
Enjoying watching Sir David Attenborough and Obama talk about climate change mitigation #LoveNature #SemST,FAVOR,POSITIVE
"Attenborough: 'The real problem is global' i.e. not just me, or you, but us #SemST",FAVOR,NEGATIVE
"''this is the planet on which we live, it's the only one we've got and we've got to protect it.'' #Obama #Attenborough #SemST",FAVOR,POSITIVE
"The natural world is part of our inheritance, we have to protect it  @Sir_Attenboroug with @POTUS on #BBC #Earth #SemST",FAVOR,POSITIVE
Amazing interview with @POTUS and David Attenborough #SemST,NONE,POSITIVE
#vatican will be destroyed the most vile creatures ever the creators of #islam #sodomising #children  #fakestine and #SemST,NONE,NEGATIVE
@thewest_com_au @Pammieoz we're way behind everybody on just about everything  #gaymarriage #asylumseekers #SemST,NONE,NEGATIVE
Regards Dion #peace to you & all #including into the #future on a clearly #known to be #finiteinnatureplanet outta here gone #SemST,FAVOR,POSITIVE
"Oh: Watching the #news re #Greece currently, it's ([all]) #relative re #why I'm here! Re's D #peace #GMS #Democracy #Goal??? #SemST",NONE,NEITHER
".@TonyAbbottMHR still boasting on international stage of removing Price on Carbon, which he refers to as ""toxic tax"" #auspol #SemST",NONE,NEGATIVE
We support Australia's Climate Roundtable which is providing a framework for sensible debate ahead of Paris @COP21 #SemST,FAVOR,POSITIVE
"If you say climate change is a myth, you may want to become a fantasy author since you already live in an alternate reality. #SemST",FAVOR,NEGATIVE
RT @abhinav_khanal: 700 people dead in Pakistan due to heatwave. #SemST,FAVOR,NEGATIVE
Glad for the millions of lives improved this week. Now let's set our sights on helping millions more. #ImmigrationAction #SemST,NONE,POSITIVE
"At what point do we rename summer ""The Rainy Season""? #Cdnpoli #SemST",FAVOR,NEITHER
"Can @BarackObama use $866,615 of jet fuel on His #EarthDay trip to Florida? YES HE CAN!!! -mao @POTUS #FAIL #SemST",NONE,NEGATIVE
Honestly I don't understand why I like California so much. I'm so bad in the heat. #SemST,NONE,NEITHER
Inland so cal has been hot and humid all day. This seems to be our summers - muggy. So strange. #SemST,FAVOR,NEGATIVE
Building Renovations. Turn $10MM into $1MMM over time. #business #money #wallstreet #enterprise #entrepreneur #engineering #SemST,NONE,POSITIVE
#Mission:#Climate @ home > Purchase green power (if available) (by @EPA) #Tip #SemST,FAVOR,NEITHER
#AnnapurnaVancheswaran says it took 2 years to cut through the #bureaucracy & speak to Indian #government about #pivotal15 #SemST,NONE,POSITIVE
A Dutch court has ruled that the gov must cut emissions under human rights law! Interesting. #climatejustice2015 #SemST,FAVOR,POSITIVE
Good luck @solarimpulse for #Flight8. You will do it @andreborschberg ! #solar #solarimpulse #ActOnClimate #SemST,FAVOR,POSITIVE
Population growth is only a problem because humans treat the earth like shit.  #govegan #environment #SemST,FAVOR,NEGATIVE
#KCA #VoteJKT48ID ENGIEgroup: #ENGIE 9 new #COP21 solutions and more here >  #SemST,NONE,NEITHER
There are NO two sides to this discussion. --@StopMotionsolo  #SemST,NONE,NEGATIVE
John Watterson is attending IPPC meeting to help shape the future of international greenhouse gas emission estimation methods #SemST,FAVOR,POSITIVE
@DavidAttenborough meets @BarackObama on #TVNZOne interview on his life and the effects of #SemST,NONE,NEITHER
@abcnews afterwards can they call @TonyAbbottMHR and advise him he needs to act on #auspol #SemST,NONE,NEITHER
@popupincubator #innovation of super converter on fishing boat w/ no more use of fossil fuel is looking for funding scheme in #SemST,FAVOR,POSITIVE
"QT @BarackObama ""I don't have much patience for anyone who denies that this challenge is real."" 1/2 #SemST",NONE,NEGATIVE
SA has played an instrumental role in rallying other BASIC countries to strengthen South-South cooperation on matters around #SemST,NONE,POSITIVE
Do #Catholics follow #God's word or this #Pope's ramblings?  #SemST,NONE,NEGATIVE
Dallas still hasn't hit 100 this year. #SemST,NONE,NEITHER
"The same ppl who think Paul spoke ""for God"" when denouncing gays also think the current Pope does not speak for God. #SemST",NONE,NEGATIVE
Anyone else agree we should switch to concrete? + Them new snazzy self-lit roads in Netherlands! #ElectricitySaving #Autobahn #SemST,FAVOR,POSITIVE
"All eyes on China, reports @ClimateNexus -  plan building on agreement with US re: #emissions expected soon #cop21 #ghg #SemST",FAVOR,NEITHER
"Reading: ""The Whale and the Supercomputer. On the Northern Front of Climate Change"" by Charles Wohlforth #arctic #SemST",FAVOR,POSITIVE
#Mission:#Climate @ home > Wash laundry in cold water (by @ETPowerlines) #Tip #DoYourPart #SemST,FAVOR,POSITIVE
Today the kingdom of Bahrain participates in the High-level Event on Climate Change at the @un #UN70 #SemST,FAVOR,NEITHER
"President Tong tells story of vulnerability & resilience of #Kiribati, #Maldives & other low-lying states & SIDS #Action2015 #SemST",NONE,POSITIVE
"Monsignor Sanchez Sorondo: ""Earth is sick. We need to heal it. #SemST",FAVOR,NEGATIVE
"We need to work with confidence, transparence and guided by consensus @manupulgarvidal at @UN_PGA event on #action2015 #SemST",NONE,POSITIVE
"Road to #Paris2015 ""#ADP2015 co-chairs' new tool will be presented on July 24th"" @manupulgarvidal at @UN_PGA event on #SemST",NONE,POSITIVE
#Equity #financial #solidarity and #transparency is what #2015text needs says #Fabius at #UN #GA #SemST,NONE,NEGATIVE
Can we build #thorium #LFTR now. Before its 200 degrees during summer. #MyACSucks #SemST,FAVOR,NEGATIVE
what is at stake is the survival of our and next generation - Indigenous People Youth #UNGA #Action2015 #COP21 #SemST,FAVOR,NEGATIVE
Stress on #water resources threatens lives and livelihoods #anthropoceneage #sustainability #SemST,FAVOR,NEGATIVE
Minister @manupulgarvidal about the importance of #INDCs to build momentum to #Paris2015 at press conference at #UN #SemST,NONE,NEITHER
Why Is The Pope Upset?  via @HuffPostComedy #UnzippedTruth #PopeFrancis #SemST,NONE,NEITHER
. @JanezPotocnik22:The EU is spending the 300 billion collected through environmental tax on fossil fuel subsidies #Almedalen #SemST,FAVOR,NEITHER
"these days this I #know! I #implemented it years ago & simply walked away but I know, regards Dion #peace #Democracy! #Goal?? #SemST",NONE,NEITHER
"#SCOTUS,  We need to force #power #plants To cut #emissions of #mercury and other #air pollutants asap! #POTUS #EPA #Justices #SemST",FAVOR,NEGATIVE
The ruling by @Scotus is a major setback for @EPA & the environment.  #dirtycoal #SemST,FAVOR,NEGATIVE
@NZStuffBusiness Time to change the Government! #fracking #C02 #methane #pollution #cancer #health #earthquake #water #leaks #SemST,FAVOR,NEGATIVE
#SEBAMM #SEB2015: Prtner explains the work of the #IPCC #SemST,NONE,NEITHER
@suzyji @climatedepot Great news to arrest a regulatory agency's flagrant over reach. Pathetic how little #EPA knows of #SemST,FAVOR,NEGATIVE
I can literally sense the global warming NOW.  #SemST,FAVOR,NEGATIVE
@stiNgo100 Weather patterns evolving very differently over the last few years..  #SemST,FAVOR,NEITHER
Coldest and wettest summer in memory. #mosquitoes #mowtwiceaweek #brrrr #SemST,FAVOR,NEGATIVE
Pope Francis really makin the rounds  #PopeFrancis #SemST,NONE,POSITIVE
@bendicoot Shit. Who set the Supreme Court to Evil again?  #SemST,NONE,NEGATIVE
Ballot paper posted @timfarron has my vote for leader. Our Liberal voice will be heard #HumanRightsAct #AffordableHousing #SemST,NONE,POSITIVE
I am thinking of turning the central heating off. :) #SemST,NONE,NEITHER
If like me you felt voiceless then listen to @timfarron #libdemfightback fighting for the #HumanRightsAct #AffordableHousing #SemST,NONE,POSITIVE
"Being an engaged mom, means voting 4 the climate 2. Supporting only candidates who have a plan 2  act on #playin4climate #SemST",FAVOR,POSITIVE
We could do something...the question is will we says @PaulREhrlich #sustainability #SemST,FAVOR,NEITHER
"So, its 20 degrees celcius in mendoza argentina beginning of winter  #mendoza #SemST",FAVOR,NEITHER
"It doesn't simply rain in Houston anymore, it storms.  #SemST",FAVOR,NEGATIVE
I don't  care why the globe is warming. I just want to stop it before there is irreparable harm #fuckpolitics #sciencerules #SemST,FAVOR,NEGATIVE
World Futures Council man at #fsds15 points out absurdity of cost benefit analysis discounting future lives #sustainability #SemST,FAVOR,NEGATIVE
Last Thursday Lake Mead (the largest U.S. reservoir) had the lowest water level reported since 1937 #HistoryInTheMaking  #SemST,FAVOR,NEGATIVE
56. Here we see how environmental deterioration and human & ethical degradation are closely linked. #LaudatoSi #environment #SemST,FAVOR,NEGATIVE
#Mission:#Climate @ home > Defrost old fridges and freezers regularly #Tip #LoveOurPlanet #SemST,FAVOR,POSITIVE
"Obamacare ""Doctors Should Warn Global Warmin cud Make Patients' Health Worse"" #Obama #PresidentObama #WhiteHouse #SemST",FAVOR,NEGATIVE
"China, I had plans to work on other things today. Rude. #EUChina #SemST",NONE,NEGATIVE
"Went for a run, now I can't feel my legs and my brain feels like it's boiling. #SemST",NONE,NEGATIVE
Disappointed that we are basing decisions about our very real planet on a man made currency system. #SCOTUS #EPA #SemST,FAVOR,NEGATIVE
"#AskRobertRedford Beyond the national level, what can be done on the individual level to mitigate the effects of #SemST",FAVOR,NEITHER
"@DalydeGagne @2010redmittens Canada alone needs 2 invest $60 billion a year, paid for by efficiency #cdnpoli #environment #SemST",FAVOR,NEITHER
#COP21 can succeed or fail. If humankind wants to survive something must be done not for nature but for humans. Simple. #SemST,FAVOR,POSITIVE
@EcoWatch RobertRedford + Pope say time is now. GreenNH3 is ready to roll. We all want machines. What is holdup ? #pollution #SemST,FAVOR,NEGATIVE
Sir David Attenborough and @BarackObama  dissgussing the planet future. The room doesn't get any better than this. #SemST,FAVOR,POSITIVE
@RBJRON @fedupofpollys @Jolly57La We should worry about the state he's going to leave #Australia in. #NBN Fraudband #refugees #SemST,NONE,NEGATIVE
"Need to separate natural disasters from man made disasters, emphasise polluter pays,and need for loss and damage. #TuvaluPM  #SemST",FAVOR,NEGATIVE
At the UN with crew now :) @Trashis4Tossers #SemST,NONE,POSITIVE
@eilonwya10 Those items need to come back.  #SemST,NONE,NEITHER
Rosalind Peterson addressing UN on how aerosol spraying (Chemtrails) is affecting agriculture. #NotADebate #Geoengineering #SemST,FAVOR,NEITHER
@Icicle167 OK yeah that's bad... but Vancouver literally never used to get this hot #laudatosi' #SemST,FAVOR,NEGATIVE
"Feeling like #SCOTUS got it right, right, right ... then very wrong. Sigh. #Climatedenial #SemST",FAVOR,NEGATIVE
#Northwest #HeatWave continues. First time. Ever. My tomato plants have fruit. In JUNE! #Oregon #Organic #SemST,FAVOR,POSITIVE
Good news #SCOTUS confirmed the #UN has ZERO authority of U.S. property or enforcement. Who cares what the elites say! #COP21 #SemST,NONE,POSITIVE
".@RobSilver What are the chances, @irbrodie? #Kyoto #CPC? #cdnpoli #SemST",NONE,NEITHER
@heidtjj @DJRMewzique @Mikeh_6 @marklindesr @fatherjonathan I think we found something more dangerous to America than #SemST,NONE,NEGATIVE
Every human commits original sin with it's first outbreath of CO2. Mankind is fallen. #bible #SemST,FAVOR,NEGATIVE
If you do not repent your emission of CO2 you will end up in hell #bible #SemST,FAVOR,NEGATIVE
And Onan cast his CO2 into the atmosphere and committed the sin of emission #bible #SemST,FAVOR,NEGATIVE
As the world emitted CO2 water vapour built up in the atmosphere and caused the Lord to send the flood in retribution #bible #SemST,FAVOR,NEGATIVE
"#Mission:#Climate @ home > Pass your magazines on to a friend, hospital, library, or nursing home. (by @gaiam) #Tip #SemST",FAVOR,POSITIVE
@lancet  #climatehealth report says we need ambitious programme like Marshall plan or Apollo mission to tackle climate change #SemST,FAVOR,NEITHER
@NaughtyBeyotch He Is psychic 2  Huh #SemST,NONE,NEGATIVE
It's nights like this when I'm not so fond of my long hair. I just wanna chop it all off! #heatwave #pnwgirl #SemST,NONE,NEGATIVE
"We Aren't The Dinosaurs, We're The Asteroid. #earth #extinction #SemST",FAVOR,NEGATIVE
#Mission:#Climate on the road > Drive less (by @greengoddess892) #Tip #ImpactIsReal #SemST,FAVOR,POSITIVE
Look out for the hashtag #UKClimate2015 for news today on how the UK is doing in both reducing emissions and adapting to #SemST,FAVOR,POSITIVE
Pupils in P5-7 from Lincluden Primary are participating in Carbon Busters Project 2015-2016! #LearningForSustainability #SemST,FAVOR,POSITIVE
"Around 1500 new homes being built every year in England in areas at high risk of #floods, adding to risk from #UKClimate2015 #SemST",FAVOR,NEGATIVE
"Top-down approach is not only the solution , global governments must act together with global community against #SemST",FAVOR,NEGATIVE
Australia...your turn to watch Obama & Attenborough @ABCenvironment #SemST,NONE,NEITHER
#TonyAbbott hope you're watching President Obama talking about #SemST,NONE,POSITIVE
How did the #GreatBarrierReef look to you compared to when you dived it 60 years ago? @POTUS #Attenborough @ForeignOfficial #SemST,FAVOR,NEITHER
"It's ""mindblowing"" to me to watch this, #SirDavidAttenborough. #SemST",NONE,POSITIVE
David Attenborough being interviewed by President Obama is brilliant & fascinating viewing #ForeignCorrespondent #ABC #tunein #SemST,NONE,POSITIVE
#Mission:#Climate @ home > Simplify (by @BeZeroWaste) #Tip #DoYourPart #SemST,FAVOR,POSITIVE
"Clean technology, this is your moment #innovation #technology #davidattenboroughismyhero #SemST",FAVOR,POSITIVE
@Attenborough_D states the media needs to promote the damage of climate change. How bout you #Bolt? #ForeignCorrespondent #SemST,FAVOR,NEGATIVE
Water temperature off the Atlantic  coast is in the 80s in June. We are like proverbial frogs in boiling water #climate #SemST,FAVOR,NEGATIVE
"The #greatman @BarackObama met #greatman David Attenborough & change seems possible, attainable. Listen up! #Attenborobama #SemST",FAVOR,POSITIVE
"Obama & Attenborough brilliant, heart felt & honest  Why can't we have such a discussion here in Oz  #renewables #abc #auspol #SemST",FAVOR,POSITIVE
Scary stat of the day: 7% of the area of urban greenspace in England has been lost since 2001 @theCCCuk #SemST,FAVOR,NEGATIVE
What can young people do about climate change? @ChangeAgentSA @Gen_Earth @EllaBellaC @missearth_sa  #youth #SemST,FAVOR,NEITHER
@metaceptive @jmgamerorus gutted I've missed this would have loved to hear this talk. Africa represented #SemST,NONE,POSITIVE
"Everywhere we look, moderate weather seems to be going extinct. #robertredford #UN #SemST",FAVOR,NEGATIVE
"@rupertmurdoch - feel! I'll bin this one & upload a newer mix in a few days see which version you like better, re's D #peace #SemST",NONE,POSITIVE
@GinaEPA  yes but silica dust emissions are up and little is done about it at the state level and it effects #SemST,FAVOR,NEGATIVE
#Tolerance... I wonder how much more #Mother #Earth has at #methodology levels re our #capitalistic #ideologies? #SemST,FAVOR,NEGATIVE
.@MexONU : #GreenClimateFund projects must be long-lasting & lay the groundwork for low-carbon development economic models #SemST,FAVOR,POSITIVE
@JustinTrudeau @RethinkFusion @terrybeech @adamjpankratz @JonathanWNV #EngineeringInnovation. Future Green Tech to deal with #SemST,FAVOR,POSITIVE
I'm sick of celebrities who think being a well known actor makes them an authority on anything else. #robertredford #UN #SemST,AGAINST,NEGATIVE
[Man] cannot change the climate of any country; he adds no new element to the soil ~ Charles Darwin #anthropocene #SemST,AGAINST,NEGATIVE
RedScareBot: Simple Malarkey RT gingerdr Global Warming/Climate Change all a HOAX. Communist agenda for control #sustainabil... #SemST,AGAINST,NEGATIVE
Artic Ice highest in 10 years for the month of June..yet no headlines.. #scam #SemST,AGAINST,NEGATIVE
There has never been a better time to get the heck out of California. #vaccines #science #gmo #bees #autism #gmo #sb277 #SemST,NONE,NEGATIVE
"Noted climatologist, marine biologist,& oceanographer Ted Danson told us 27 yrs ago that the oceans would be dead in 10 yrs. #SemST",AGAINST,NEGATIVE
"I bet as a species, Man farts more today due to: Soda, Carbonated Beverages & Fast Food than any other recorded era before. #SemST",NONE,NEGATIVE
"As a general rule, mandatory things of all kinds should be refused. #vaccines #gmo #science #bees #fitness #sb277 #nutrition #SemST",NONE,NEGATIVE
"@DeanLeh @earthguardianz excellent speech! Well done. showed ur video to Birdie,she is ready to be part of the change. #rise #SemST",NONE,POSITIVE
@JodyBland the real question is do you feel safe driving a Prius through Harrison?  #SemST,NONE,NEITHER
#Transpregnancy #transgender is a major reason why scientists can't find a cure to #cancer #aids #SemST,NONE,NEGATIVE
if this heat is killing me i don't wanna know what the poor polar bears are going through right now  #SemST,FAVOR,NEGATIVE
WHEN THE WELL IS DRY WE KNOW THE VALUE OF #WATER: Ben Franklin #ActOnClimate #EPA #SemST,FAVOR,NEITHER
"Yo if you live in the United States right now, and do not believe in Global Climate Change, you're a fucking idiot. #fact #SemST",FAVOR,NEGATIVE
Thanks #MarcLevine & #Ilike_Mike for supporting legislation on #SemST,NONE,POSITIVE
#heatstroke in Sind & Rajasthan temperature Incresng in frozen areas #earthquake rain shower reduced A massive climate change #SemST,FAVOR,NEITHER
It's so unfortunate that the systematic destruction of our planet is merely seen to some as a political issue. #SemST,FAVOR,NEGATIVE
People at the bar bitching about the heat and drought. No one utters the words #fossilfuel caused #elephantintheroom #denial #SemST,FAVOR,NEGATIVE
"@FireUntildawn @chriskkenny Let me guess. You're a LYING, RABID LEFTIST/WARMIST USED TO TWISTING FACTS TO FURTHER YOUR AGENDA #SemST",NONE,NEGATIVE
@heartlandinst The French? you mean the nation that builds tanks with a rear view mirror and six gears in reverse. #SemST,NONE,NEGATIVE
My dogs are #panting to the beat of my music! #SemST,NONE,POSITIVE
"A high emissions scenario would be a disaster for marine life, as well as for ourselves - Dr Williamson #SemST",FAVOR,NEGATIVE
There are a lot of things that need to be done. But first should be changing our mindset.  #WaterManagement #SemST,FAVOR,NEGATIVE
It's hot af in #seattle. This is not normal! #hotAF #SemST,FAVOR,NEGATIVE
@osteomath @capitalweather Funny how you all of a sudden refer to him as a weatherman now  #climatechange...weather. #SemST,FAVOR,NEGATIVE
"Not to worry, sediment cores prove shellfish & coral will recover in just 160,000 years. #oilandgas #rbe #tvp #SemST",FAVOR,NEITHER
Have never been so outrageously grateful for a slight cool breeze drifting over my body. Is this the future? #nakedtimes #SemST,FAVOR,POSITIVE
"Hey @DrAnthonyLynham, please reject the Adani Carmichael #coal mine and Abbot Point. Our Reef and climate are at risk!  #GBR #SemST",FAVOR,NEGATIVE
Tornado warnings for the UK this weekend.  And the government still chooses to ignore global warming #ukweather #SemST,FAVOR,NEGATIVE
#MainauDeclaration2015 watch out guys.. This is HUGE!! #LindauNobel #SemST,NONE,POSITIVE
#MainauDeclaration2015.....lets push the Agenga worldwide without any fear #climatejustice2015 #SemST,FAVOR,POSITIVE
#MainauDeclaration2015 60 years later..#LiNo15 Laureates and young scientists say it is time to act #SemST,FAVOR,NEITHER
. @PSaintAmans Well-designed tax policies can help fix a number of environmental issues #ITDconf #COP21 #SemST,FAVOR,POSITIVE
Just read Scalia's idiotic opinion overturning the EPA's carbon emissions limits. Planning to spend day in a seething rage. #SemST,FAVOR,NEGATIVE
Don't act as if we have another planet to live in #COP21 #SemST,FAVOR,NEGATIVE
"@Reince #GOPClownCar a shame #gop considers ""HRC emails"" more disconcerting than #jobs #infrastructure #education #SemST",NONE,NEGATIVE
(1/2) Poisoning of the #Biosphere cannot be dealt with by free market economics;  #TaxWallStreet #Environment #GMO #SemST,FAVOR,NEGATIVE
".@solarimpulse I see this pick up on the rwy with the ""Follow me Andr"" sign... It should be the other way round ! #SemST",NONE,NEGATIVE
Everyone is busy building their bank accounts but one day that paper won't help you during massive natural calamities. #SemST,FAVOR,NEGATIVE
U.S. Should hold referendum prior to Paris talks to gauge American support for dealing (hopefully leading) on #SemST,NONE,NEITHER
"Audio world, look out! There's a new sheriff in town   #audio #music #world #entrepreneur #love #life #SemST",NONE,POSITIVE
"Second heatwave hits NA NW popping up everywhere, and floods too, record wildfires in canada, what a mess,  time up! #SemST",FAVOR,NEGATIVE
"Global Warming! Global Warming! Global Warming!  Oh wait, it's summer.  #SemST",AGAINST,NEGATIVE
GlblWarmingNews And the tooth fairy might be causing kids to lose teeth! #carbontaxscam #Chemtrails #SemST,AGAINST,NEGATIVE
tsgtalexander: GlblWarmingNews And the tooth fairy might be causing kids to lose teeth! #carbontaxscam #Chemtrails #SemST,AGAINST,NEGATIVE
BrettGarrot: BrettGarrot: GlblWarmingNews And the tooth fairy might be causing kids to lose teeth! #carbontaxscam #Chemtrails #SemST,AGAINST,NEGATIVE
When did CO2 become a dangerous pollutant that must be curtailed? What do you exhale again? #Iwantanswers #SemST,AGAINST,NEGATIVE
We're growing vegetables at home. Tell your friends and followers what you're doing for climate! #myChangeForClimate #SemST,FAVOR,POSITIVE
"LED lights, water saving toilets, showerheads, appliances etc. when we renovate, we choose efficient.   #myChangeForClimate #SemST",FAVOR,POSITIVE
"Evening @algore, any #democratic thoughts as yet? I get #bored easy re the #politics of it all hop hop, regards D #peace #GMS #SemST",NONE,NEGATIVE
If ther clmate change alarmists come out in sept this year and tell me this was the hottest winter on record ill go postal #SemST,AGAINST,NEGATIVE
.@CreeClayton wonderful to find you on twitter. Meet @masroora a Canadian working in #SemST,NONE,POSITIVE
"@POTUS , before we can defeat ISIS we first must defeat #SemST",NONE,NEITHER
#Mission:#Climate @ home > Reduce . Reuse . Recycle . Replenish . Restore  (by @ScrapCatalytics) #Tip #EarthRightNow #SemST,FAVOR,POSITIVE
"Without a place for feeding, mating and giving birth, there is no future for polar bears :( #SemST",FAVOR,NEGATIVE
BC continues to burn. If this ain't a wake up call to everyone then nothing will be #Vancouver #bcwildfires #SemST,FAVOR,NEGATIVE
Pittsburgh had a Regatta without boats. River full of debris and swift currents. Too dangerous #SemST,NONE,NEGATIVE
"UN, decline of 50% in crop yields in developing countries (rice,wheat,corn) over the next 35 years,especially in the tropics #SemST",FAVOR,NEGATIVE
Great meeting @balboalice and @CTwigg1 today to discuss Future Cities and how UK expertise can be shared & applied in #China #SemST,NONE,POSITIVE
@RepTomMarino my priority is to address #SemST,NONE,NEITHER
RT @MediaRage: One of the most brilliant BS stories created by man to subjugate others:  #LeftistLiesIsBS #SemST,NONE,NEGATIVE
There is need for world economic powers to be true about climate change funding. The world needs action not empty rhetorics #SemST,FAVOR,NEGATIVE
"COPS, UN conferences, board room meetings till when shall this continue when innocent lives and livelihoods are lost.  #SemST",NONE,NEGATIVE
Scorching summers for UK by end of the century! Thank Rocks I won't be here to suffer them! :-)  #SemST,FAVOR,POSITIVE
Try to create the world you want to live in. @dalailama #WithCompassion #SemST,NONE,POSITIVE
Sea level rise by the end of the century (1-2 meters) will drown SF airport and LA port. @IVelicogna #WithCompassion #SemST,FAVOR,NEGATIVE
Climate change is an emergency. Stop denial and start taking steps. #climatehealth #SemST,FAVOR,NEGATIVE
RT @fadoben60: When the rate of #Utilisation exceeds the rate of #Regeneration then it calls for #DEGRADATION. #michachallen... #SemST,NONE,NEGATIVE
Climate change is a solvable problem but we need to start today. #HHDL80 #SemST,FAVOR,POSITIVE
@DalaiLama suggests we should have schools for politicians to educate them on critical issues #WithCompassion #HHDL80 #SemST,NONE,POSITIVE
@shalomshuli I'm guessing there was a lot less humidity back in the time of Moses. #SemST,FAVOR,NEGATIVE
Are these ominous yellow #Vancouver skies making anyone else dread our climate future? #wildfires #SemST,FAVOR,NEGATIVE
"Cause and Effect - Dry conditions, wildfires.  #Preventable #HumanCaused #SemST",FAVOR,NEGATIVE
#SavingMyTomorrow @HBO why are you guys not promoting this like crazy???? #HBO #SemST,NONE,NEGATIVE
Greenland's ice is melting faster this summer under a dome of high pressure #SemST,FAVOR,NEITHER
@davidakin @lraitt Installing new #ForestFire navigation systems? #NoKinderMorgan #NoTarSands #cdnpoli #SemST,NONE,NEITHER
@kyjl89 it's crazy. Oklahoma is bracing for more flooding rains (4th cycle this year) & Canada is burning. #SemST,FAVOR,NEGATIVE
That awkward moment when a pro-coal PR campaign has over 100K more followers than you do: @AdvancedEnergy #greenwashing #SemST,FAVOR,NEGATIVE
I'm gonna side with the really smart and well educated folks on this one guys. #SemST,NONE,POSITIVE
"Climate change financing,cc adaptation, cc and resilience,the green economy.Lots of semantics as communities waitforsolutions #SemST",FAVOR,NEITHER
@AssaadRazzouk @TheEarthNetwork @wynnandreid USA is behind....due to IDIOCY #SemST,NONE,NEGATIVE
Tonight - Academy of Science talk Tech solutions for climate change with Prof. Barry Brook #cantorandballtowers #Canberra #SemST,FAVOR,NEITHER
@Revelation1217 @erotao  The Snow is melting? #TCOT #SemST,NONE,NEITHER
@WSJ images like this make me fearful that the next epidemic must be coming soon. #overpopulation #SemST,NONE,NEGATIVE
@Muskoka247 @Muskoka411 You're proud of that? #ShoalLake #boilwater #FortChip #cancer #Vanuatu #BalaFalls #landscapingissues #SemST,NONE,NEGATIVE
The #MNTwins game is going really fast tonight. More proof of #SemST,NONE,POSITIVE
@noel_kck @TomSteyer @BillNye @POTUS Further proof of #SemST,NONE,NEITHER
@porterthereport Please don't let him win this. Your loyal readers support you. #SemST,NONE,POSITIVE
Wish everyone wasn't so pale this season #suntan #babyoil #TheBachelorette #SemST,NONE,NEGATIVE
"National announces plan to put out fire in pantry. Rest of the house can burn baby, burn. #sameoldshit #SemST",NONE,NEGATIVE
Rent a theatre and show the movie #ChasingIce to my friends and family to spread the message of global warming. #My1500 #SemST,FAVOR,NEITHER
Rt easyprintitja: Rt FirstKingTre: Freak #rain in Kingston #Jamaica.. sudden #skuii876 #SemST,NONE,NEITHER
Stormiest 2014-2014 in Ireland and UK in 143 years. That saying something @NewsClimate @wattsupwiththat   #SemST,FAVOR,NEITHER
"@LiberalAus - #Wrong #century re the #IPCCreport & the involved #methodology I do have to say, ""regards Dion #peace #ideology #SemST",NONE,NEITHER
"#TakeDownTheFlag & #LoveWins represent tectonic cultural shifts, thanks in no small part 2 Twitter & Facebook. Imagine same 4 #SemST",NONE,NEGATIVE
I expected New Zealand's so-called leaders to show leadership. Instead they show weak-minded ignorance. Laggardship. #SemST,NONE,NEGATIVE
11% reduction is this a joke? Our govt seems to be more concerned about flag change than #SemST,NONE,NEGATIVE
until newyork london frankfurt knee deep in sea #water NOTHING will happen @unfccc #cop21 #co95=FREE parties @annaborgeryd #SemST,FAVOR,NEGATIVE
".@ClimatParis2015, the climate science forum begins today. Follow its progress on #CFCC15 #SustainableDevelopment #SemST",FAVOR,POSITIVE
We need integrated #science with #indigenous knowledge to understand & adapt to  #CFCC15 #SemST,FAVOR,POSITIVE
".@whelan60 ""While this debate goes on, yet more time is wasted."" #thedrum #SemST",NONE,NEGATIVE
If sea levels get any higher flooding in lowlands could become dire. #SemST,FAVOR,NEGATIVE
If we don't do anything we will be the sad generation that had the opportunity to act and didn't #CFCC15 #Journey2015 #SemST,FAVOR,NEGATIVE
Vallaud-Belkacem: Are we the generation who knew what would happen but who did nothing? Say no! #wakeup #CFCC15 #SemST,FAVOR,NEGATIVE
"If we do not act, we will be the generation who knew, but did not move. - @najatvb #CFCC15 #SemST",FAVOR,POSITIVE
The carbon clock is ticking @CarbonBubble #SurplusGas #carbon #gas #SemST,FAVOR,NEGATIVE
